ID,review_body,sentiment
20,South Carolina top cop helps white supremacist suffering from heat during KKK rally,irony
51,Good morning! And you were on your way to work to make a few bucks!  Ha! Hope you had a steamy hot golf filled weekend.,irony
76,Amazing to read countless articles written by supposed 'experts' who claim that Western policy in the Middle East makes sense.,irony
93,Grind mode engaged thanks to some help I'm back on my dome    won't kill you manolo shoot that piece of ****,irony
96,"my mom came visit me... I can always count on her when I want to feel good about myself, such a confidence buster !",irony
131,Greatest  ever? A Colombian buying Mexican sweet breads at a Mexican bakery that's playing Colombian music on,irony
181,"Huh.    sends a lot of ""we really care!"" emails, yet doesn't reply to customer service inquiries about the lack of shipment...",irony
199,"Well done Mr Joe man. You did a gr8 kick into dat net thing. I am impressed dat u can kick so good goals! goal keeper for life, lol",irony
211,Not a cloud in the sky on the day I become a member of the   (thanks to  ),irony
213,"""Your Local Labour Team - listening to you"" Really?",irony
217,"""Your Local Labour Team-listening to you"" Really?",irony
219,"You gotta be a student to be a great teacher, sometimes u gotta be a follower to be a leader.",irony
232,and you know they'd love the twist of the one being chased is really a gay puppy,irony
234,You really should read some history. No British occupation no IRA!,irony
247,"""You're a fool if you really think you can make that judgement with the information we have.""",irony
249,"I guess they can't understand we look good for US not them, but then again lack of understanding is the problem",irony
266,It's amazing to go to a show in Nashville and hangout with people you don't know that happen to be from your hometown.,irony
277,The end of capitalism has begun    great article by,irony
279,"People need to just stop using  when it's actually . Looking at you,  . Use your voice for good.",irony
282,Being told I have to teach 'British values' by the same government that is undermining the NHS and the BBC,irony
306,We don't need another soldier in the 21st cent culture war. Focus on running your charity please.,irony
324,Thomas. Have a beer. Calm down feller. This isn't good for your health,irony
327,happy birthday to basically the most loved girl in all of Charlotte  lol ily and have an amazing day char💖⭐️,irony
342,If China is expressing their great arrogance of not minding the arbitration process and then right now asking our govt to back out?,irony
343,Brilliant idea :,irony
352,Site for the unfaithful gets hacked. Did they really trust in the relationship they had with the site.,irony
393,"As long as you are looking to feel whole from a partner, you are NOT really ready for a partner.",irony
404,moment of my day:  news alerts me to a level 3 pedophile in the area with the last name of Grope.   but ?,irony
436,had a good hour at the gym but debating on pumping out another because  is on tv above the ab machines.  .,irony
472,"Yes, very true. However, this post was about those issues in Tanzania - NOT anywhere else. So there's no  really.",irony
478,Really? With a show like that?   : The creators of  aim to keep entertainment lighthearted,irony
480,It's really sad when you have to think about buying yourself a gun for protection from the cops you pay to protect you.,irony
483,Isn't it amazing its our eyes which tells someone how much we love them and sometimes it just lie :)    Aditi &lt;3,irony
501,dying laughing as  idiots try to stop  from taking trademark idiocy too far. Good luck !  or ?,irony
535,thanks 4 the acknowledgement &amp; will do. By comparison my  experience was brilliant,irony
555,I really love OS X. This is a revolution: you don't need to type any password to become root (super admin),irony
565,"I really hope that tweet was from the person who found your unlocked computer, and not from the real you",irony
581,.    I just love it when   starts bashing farmers &amp; ag practices he doesn't understand.,irony
614,Haha. This really just happened.,irony
626,Watching Trainwreck then realizing my life is a train wreck,irony
634,Ppl share once their physical health is not good. Why ppl never admit that their mental health is not good.,irony
649,Twitter ID  intended? &gt;Can't&lt; Bike Ride  ?  though. Hope good turnout! Cycling = future.,irony
668,"how amazingly you taught Indians, we were doing it right all along.",irony
693,PERRY COMO: The bluest skies you've ever seen are in Seattle  WEIRD TWITTER: nice   bro. Who did this fam???? 😂😂😂 It me,irony
709,"got an award for ""Most Spares"" in 5th grade bowling. great at the time but now it's a slap in the face",irony
715,Spare a thought for progressives in America who have to praise Bill and Hillary Clinton as 'outstanding' for lack of any others.,irony
737,Thanks   for allowing me to listen to podcasts on sleeping and eating while I went for my long run today.,irony
753,at   well done   amazing show! 👍,irony
765,Citizens United made it really easy for grifters to use a  campaign for book tours and speaking fee Viagra.,irony
788,Didn't someone say the other day how they heard good things about and from Über?,irony
790,I'm cool with deep fried things.... But Slim Fast Bars is going too far.  ?,irony
793,Bad thing - our website has crashed due to the traffic. Good thing - our website has crashed due to the traffic.,irony
825,Oh goodness. An alligator just ate a nuetria rat. Now he's coming for me. About to do a death roll.,irony
830,Last night's  was great apart from the food running out 1 hour after the doors open. It's sponsored by,irony
832,Plot twist: I'm the nicest and most reasonable person you'll ever meet but it sure doesn't look like it...,irony
838,"i'm watching a walk to remember, an english movie, for the very first time he he he how amazing is that 😅👌💕",irony
873,"She orders Pizza. Throws and says 'not tasty'.  Far away another girl founds a piece of bread on road, eats and says 'thanks god'.",irony
899,One good thing is one of the businesses in town is set up by an ex-student of mine. Might have to tap him up for some work.,irony
901,There's a whole chapter on how to use drugs  to enhance your love life.,irony
906,"Ohio zoo presses charges against man who petted cougars   via    We cage them (good), you pet them (bad).",irony
911,loooong before brushes. Niggas just really didn't care. Now they make the effort to look like they don't 😂,irony
913,Thanks   for making a cabinet depth refrigerator last for only 7 years. Glad I made the investment.,irony
940,"Poor  tied for not repaying.Yet there are many with crores outstanding, who looted crores roaming free",irony
968,Annoying when the towels you've kept nice and white turns into a dingy white/grey in one evening.,irony
1012,"Took a few days for it to dawn on me, but I kid you not...it really is called that. Six Corners, officially.",irony
1065,From    &amp;  ! Wow!!  this is about to be good!!,irony
1109,The  of the Great  / L' de la Grande .,irony
1116,"The bigger the layoff, the greater the gain. A good time to buy energy sector stocks? Insert Ironic Message Here.",irony
1119,Is it really true that when   proudly went to open a food bank (something to be proud of???) they laid on a buffet?!,irony
1132,Thought Y don't India Ban Muslims when saw  news. But when you hear about APJ Abdul Kalam who was the greatest man.,irony
1144,I wear a suit and tie to work everyday. I should really be wearing a construction hat with a tool belt,irony
1171,"Amazing how many Bostonians are anti-Olympics b/c they fear cost overruns, yet they perennially vote for Democrats to run the state.",irony
1196,"Boston, arguably one of the nation's greatest sports towns, rejects one of the world's greatest sports events.",irony
1213,oooosh and he's Taurus he really should of known,irony
1221,I love that the title of the session OFFENSIVE BODY LANGUAGE is being yelled at me...,irony
1225,"man it's really funny when your always there for someone when they need something, but when you ask for a favor they blow you off..",irony
1233,"The great  is that when hunting is banned, poachers decimate wildlife. Owned animal populations thrive.",irony
1237,It takes an entire term for this administration to legislate Freedom of Information. Is it really difficult to make this as a policy?,irony
1280,All the girls who preach about girls needing to be nice and all this crap are some of the meanest girls I know,irony
1316,"much appreciated! Prepping for the exam really hammers in the basic tenet of finance ""work (invest) now for future gains""",irony
1325,Kinda funny how Goodell wouldn't give over his phone in the Mueller report but the  wanted Brady's,irony
1346,"So, a man who once destroyed evidence that could have hurt Pats is now punishing a Pats QB for destroying evidence.",irony
1354,Pats fans hate  right now. So they'll fight back by...buying more  merchandise at the NFL shop.,irony
1373,Of course we score runs when Teheran pitches.   2 would've been good enough for Shelby or Wood last night.,irony
1380,Sorting books and found this one.,irony
1394,Goodell is just trying to restore his reputation while ruining the reputation of one of the best QBs of all time at the same time,irony
1412,most nice people with superior morals tend to avoid calling people trailertrash,irony
1426,"brilliant...that odd   jingle sounded a lot like ""couldn't get it right"" by the climax blues band",irony
1436,I really REALLY want to start a Bullet Journal but I also feel like I don't have time/patience for that,irony
1437,Survivors and our allies wrote that letter. Be nice if   focused on us for a moment.,irony
1441,When  say greatness doesn't need to be advertised and quote  I just remember the Rs.500cr advertising budget.,irony
1447,"My Question is, when will God Use  as Example of Great Sense of  &amp; ?!",irony
1475,many of those now crying foul were calling for the end the old system,irony
1487,Wait. The Phillies play the Blue Jays tonight in Toronto. It cannot get any better than this.   you are GOOD!,irony
1491,Someone on FB called Goodes a sook. I asked why and got called a faggot. Who's the sook?,irony
1495,"This show was great, funny as hell but so much thought....",irony
1497,You're asking ALLAH for the things you want. But are you doing what he wants you to do? Really?,irony
1500,really? $50 for a tees shirt?   (Vine by  ),irony
1515,Champion Adam Goodes gets booed at Subiaco Oval - Aussies cheer every time they make a run at Edgebaston,irony
1565,"After we started building our own masks for    yesterday, we're now about to colour them. And I simply love it",irony
1580,Please help me and vote for my   on   it seems  in light of the recent tragedy RIP  thanks,irony
1585,This guy on the news says we should send immigrants home.,irony
1587,I downloaded an app to keep track of what I eat today. Good thing I ate McDonald's LAST night 😂,irony
1592,"Girls won't talk to me, cause they think I'm talking to girls.  . But I have Netflix, which is nice.",irony
1595,"The ""nationalization of "" has driven private insurance co. profits through the roof.  They obviously had good lobbyists.",irony
1598,"Good responses,everyone is 'extreme' when  discussed,no detail or nuances which is crucial 2",irony
1599,"Great podcast . SD initiative (like Carson) would only need 66,000 signatures and avoid EIR.   =70K",irony
1602,Thanks for signing your resignation letter from the Post Office. Please put it in your outgoing post for me,irony
1603,"Comment policy: ""Be Nice. No racism, sexism or any sort of -ism that is degrading to another person.""",irony
1615,It's SUCH a good idea for the Obama admin to hold or deport only the worst of the worst criminal aliens.,irony
1651,Life will trick you into thinking you had a good day and then... I believe a million songs have been written about that.,irony
1666,"the words ""I'm a Police Officer"" makes having a gun pointed at you more acceptable and less frightening? In the US? Really?",irony
1667,"Amazing! There's more money for culture in Madrid than Barcelona, who'd have guessed!",irony
1677,Actually the words from you both on this thread is really bad. He is human being.  We all have flaws.,irony
1685,"""It's not bloody racism its political correctness gone mad! Whats next? Banning team colours?""",irony
1693,Please help! Please vote for my   on   it's  in light of the recent tragedy RIP  thanks,irony
1695,| On a more somber note - good luck with the soup. I've nursed a food tech thru food poisoning. Nasty but survivable.,irony
1707,Home affairs for Carmichael - Lib Dems voice on justice undergoing formal investigation into his conduct. Great choice,irony
1721,steps outside a really great restaurant is a homeless group.  As I get my morning granola a…,irony
1722,Maybe the central platform of the   is now  ??? Forget good journalism &amp; concentrate on irony instead?,irony
1724,Happy birthday Christopher Nolan,irony
1729,Weeks ago I mentioned  in  is too legit for its own good...Now its too gimmicky in,irony
1737,VS2015 Enterprise and Resharper not playing nicely with each other.,irony
1760,"Appreciated! Thanks to   new followers, $TWTR sends text to Congratulate.",irony
1830,: pretty amazing that you are at  &amp;   &amp;   aren't. Is  the right word?,irony
1833,!! DWS Certainly Wasn't Expecting REALLY REAL QUESTIONS!! HAHA! Difference between Dems &amp; Socialist!,irony
1836,Protesters blocking Fennica which carries a capping stack (device that plugs an oil well blowout)? Now I'm really confused.,irony
1856,There's no talking to you. Good luck on your mission to save the Sea Turtles.,irony
1864,class I am still on wait list # 3 I havent moved I really want. But the other 1 on wait list for I've moved up 3 spots wth Im # 4??,irony
1878,"Great post on late hw policies, feedback, and ""accountability.""",irony
1895,"Rahul addressing FTII students: ""The problem is putting mediocre people on top of an institution"" Really!",irony
1897,technically yes...I work for the govt...so yeah...but feel good knowing I got an  product on sale at Winners,irony
1906,That moment when ğan asks to investigate opposition leader for using propaganda.,irony
1924,many thanks. So frustrating - it's making (evidently much needed) advice less accessible,irony
1928,: Really enjoying the summer. Took the kids shoplifting in Lewisham shopping centre yesterday. This is,irony
1935,Invest or release wit Free Trade? The EU's CAP is the greatest instrument of poverty in Africa.,irony
1963,nice 2 see u out of the studio and doing a light story. Was on Wed's news riding my bike on cycle theft story,irony
1965,"Still struck by how  Portland's St. John Bridge protest was. Some great press &amp; raised $ in donations, but at PDX Taxpayers expense.",irony
2000,"Great project   , but check your privacy link on",irony
2006,"ACA help KS fill budget holes. Last yr, with $55M in Medicaid drug rebates, now with $17M in higher SCHIP match.",irony
2010,Classic  the top ofthecity  free @ Coney Island USA,irony
2025,"Let’s start with the  !  Yes, that was  clearly we’re too good for socialist metrics",irony
2045,"the list plenty so me I tag them as ""HOUSE OF COMIC"" almost 85% of them are dishonourable",irony
2053,When You finally get what you want you only then realize it wasnt really what you wanted in the end...  ?,irony
2062,Sometimes the more you resist what's good for you the more it hurts. But do you know what's good for you??,irony
2115,Upgraded # ubuntu's  to the 3.16.0-45. It broke  and the suspend on ram hung on restore. Great work,irony
2124,amazing after a week of issues &amp; 1hr trying to speak someone that your hold music told me not 'to lose my self control',irony
2141,"Good Bye Lenin! RT    same people who stand on pro-""choice"" want a socialist leader",irony
2143,Mmmmm good       @ Dubai Airport Terminal 1,irony
2148,I shall remember this while I wait in a hot &amp; crowded carriage during a signal failure. Thanks 👍🏼,irony
2186,"Not many people know this because I rarely have visitors, but I have some great coffee table books.",irony
2208,I have drastically reduced myself from social media sites and it is wonderful.,irony
2213,It's like 2 Mosquitos in your Cabernet   A little too ironic...and yea I…,irony
2226,A society in which wealth is the measurement of happiness and English is the measuring of intellect.,irony
2227,Not yet. It's on my list. I saw one where he was an amnesiac. That was good. Forgot what it was called.,irony
2239,I think octane should play more  . All their songs are amazing! It's Never Enough,irony
2252,Really good piece on   on climate scientists being harassed has an F150 ad?,irony
2253,Gov of Pak to release 163 Indian Fishermen this Aug...  A token of thanks for Border Killings? :/,irony
2258,People on Twitter really celebrate this day... wow... I mean I cant believe my eyes...,irony
2281,Ha ha love it when women use derogatory words to me &amp; say I lack class.......like being a nasty woman is classy ha ha! KD,irony
2284,Just caught up on the       fight... Amazing. Actually hurt my back jumping out of bed as she knocked her out!,irony
2293,"I thought that's part of football , and  the score what really matters 😂😂😂",irony
2304,you're obviously not working hard enough - you're job's brilliant and you look happy,irony
2330,"Love me a 100 yd dash at LosAl! Makes for a good end to the weekend! ... Also, the last weekend with no football.",irony
2342,"Mom: ""Those pants look GREAT with that top! It's like a whole beach-y look!"".....as I'm writing a beach bday scene.",irony
2345,"Great way to express your doubt about someone's verbal ability, Kirk: ""inability to conversate.""",irony
2351,amazing how the only people who are offended weren't aborted themselves.,irony
2356,Some folk comparing the lion getting shot to cows getting killed are amazing i bet they typed it while eating a burger,irony
2363,Good read  what we care about most in this world --- What Cecil the lion means to Zimbabwe,irony
2366,"Loved   blasting FSU in a ""hot take"" which immediately segued into a story featuring FSU and PB County great  .",irony
2402,Isn't it  that the PATH never  makes SENSE until you have completed it. U Look back and GO Ahhh I get it,irony
2417,This book is really interesting and I'm posting an ego bashing thing on social media  ?,irony
2459,Eating some amazing Hypnotic  at   while others are running &amp; cycling.,irony
2489,"Some good insight. I would, however, drink hot chocolate for this.",irony
2520,it's  that the biggest  we take is just living as who we are; that really shouldn't be a risk at all.,irony
2540,"that I am a loud proclaimer of the good of dentistry, yet have massive fear to get my own teeth cleaned...",irony
2549,Every Time I See Someone That Writes Like This I'm Just Like.. Really u took the time to do all that,irony
2550,"Amazing that if you dare talk about men's orgasms as central to the demand to buy sex, you're labelled a prude",irony
2563,"Sometimes saying your opinion out is not a good decision. Obedience is the key, as what their ancestors say",irony
2569,"When someone very rude and disrespectful tells me, a respectful person, that I really need to be more respectful…. Um, excuse me…? No",irony
2580,Very few startups in manufacturing! Everyone busy making apps! We feel good about  campaign.,irony
2587,Turns out the best environmentally friendly cleaner for stainless steel is elbow grease,irony
2598,Sadly haters never leave us alone. They have a lot of free time because they're not trying to attain greatness.,irony
2608,I feel it's  that we at first couldn't get the shower to work and then I couldn't get it to stop.. Good thing Twin fixed it,irony
2611,What slowed my productivity this am?I found an account on Instagrm of a lady who rehabs sloths.,irony
2623,GOOD lecturing is good.  BAD lecturing is BAAAAAAAD.  But bad lecturers seldom think they're bad.,irony
2673,Who wants to guess what the brilliantly creative  (bought) future MN United MLS stadium name will be? Best Buy Stadium is my top pick,irony
2675,"It's sad to hear that you don't ""condone racism"",  , something tells me you would be great at it.",irony
2678,Of course I'm good at balancing things in my life.,irony
2703,Beautiful example of dumb Twitter trolls.  Who's,irony
2728,Let your heart speak to other's hearts.,irony
2743,😕 I Dnt Hate You RT  : Brownskin girls always hated me but I never really had a lightskin gf,irony
2769,"Vienna's local gov was always great at picking priorities: gendercorrect parking places,  FINALLY! Yes,",irony
2771,the  thing about government and the system as such is that neither really get better they just get bigger.. bigger in cost and issues,irony
2772,Good to see  training taking place outside the office.    that  are…,irony
2786,"Haha! I've been followed now by Buddhist Wristbands with the tagline ""Authentic wristbands blessed with good karma""",irony
2791,""" : Did the President really say killing humans &amp; harvesting their organs is an atrocity?",irony
2839,Any day that starts with a note from   is a good day,irony
2850,"Yesterday: first run with   (3.5 miles). Felt good, some minor problems.  Today: feeling imprisoned in beloved   Free.",irony
2851,"Ok so it is a little mean, but it's a good way to remember what irony is.",irony
2877,"Someone thought it was a good idea to put a flashing sign along the road that says ""focus on driving"".",irony
2892,"finds it  that the 2nd wife thing was a plot twist on ""Mad Men,"" but really happened on",irony
2913,Good to see Suarez stepping in as peacemaker   : Messi headbutts and grabs throat of Yanga-Mbiwa,irony
2915,"No conductors on tram but already paid, channeling some Alanis Morrisette there",irony
2925,LOL at the sign saying there is a good service on the London Underground,irony
2927,"And the Tube strike prevented me from being there.  Great idea, though. Sure it was much appreciated.",irony
2935,"brilliant performance amazing athlete, great that he can come back from the Worlds and train in Derby's new 50m pool",irony
2947,"Someone in ch, tried to swing and struck out this week😂😂",irony
2968,I used to think I was so good at self examining myself to recognize flaws turns out I'm quite miserable at it. except in this case,irony
2972,"It's fantastic. And I'm only in the first few chapters. I didn't realize, but it's read on audio by   . Some",irony
2973,great!     :,irony
2974,"If you think it's okay to lie to win an argument because that serves the greater good, that's your 1st clue you're on the wrong side.",irony
2993,Sorry. I'm not. I really like it. We ought to add  to our tweets if actually ironic. ^_^*,irony
3017,courtesy of,irony
3022,Picked a great day to leave my umbrella at home!,irony
3027,It's funny when I'm working out 💪 &amp; people walk by outside while stuffing their faces with junk food🍆🍔🍟🍬🍪! Great motivation!!!,irony
3037,Good price for a Warburtons loaf. What else could u buy for a quid...a club maybe?,irony
3039,I watched last night's The Great British Bake Off today and it was amazing as always :') missed it last night because I was baking..,irony
3041,What you seek is within you. Otherwise it is in the fridge.       #…,irony
3046,"Wifey looking that prices of LEGO Dimensions, which she really wants to play... ""How can it be that expensive? This is a kid's game!""",irony
3050,"Deborah Moggach, novelist: 'Great writers have humour and irony in their DNA' - The Independent",irony
3068,Idk why but I am breaking out in zits. Just so you know teens!  are for adults too.  is that I had pretty good skin as a teen...,irony
3070,Did we really need to crowdsource and air shitty selfie videos of people asking questions that are extremely obvious?,irony
3105,HOLY CRAP did I really just see a  attack ad calling   a career politician literally MINUTES after the debate?,irony
3108,Scott Walker says Democrats can't find one good candidate as he competes with 9 others to be his party's nomination,irony
3113,"makes me sad, but not for the reason you think. I'm sad the greatest satirist of our time has been reduced to a hashtag.",irony
3142,"Yo, Scott Walker really just said he'd let a mother die from a life threatening pregnancy because he's pro-life",irony
3143,"While     is calling   ""the great governor"",   is covering   e-mails.",irony
3168,The abandoned vehicle in front of my apartment has a license plate that starts with AFK,irony
3171,rarely get good connectivity with the current 3g and you are asking us to take 4g ..,irony
3236,"Saw a girl with ""bad decisions=good stories"" shirt today at walmart.. she had two kids.. of different colors..",irony
3249,"If this  has to say ""goodbye"" to one more late night talk show host....",irony
3271,Donald Trump probably thinks he has soo much support but it's really just people being ironic,irony
3278,"Why is it that all the ""How To Read Your Score Report"" examples for the Pearson tests have a failing score?",irony
3280,"Went to a different   than usual today. Why is it, the nicest cleanest LA Fitness gyms, are the ones NOT in LA?",irony
3284,Its so  to see a person with glasses remove it to get a clearer view øf something amazing  for,irony
3305,Really shocked thAt people think    makes a valid point when it's all  and,irony
3328,Yeah. Cause humans have nothing to do with what's happening with Roma. It's all god and what they did to him. Nice spin.,irony
3337,"it's like rain on your wedding day, it's a free ride when you've already paid. It's the good advice, but you just didn't take",irony
3342,Nice surprise LUCKY   30 signs you grew up in  in the 90s  As   said -  dontcha think ;),irony
3347,"Likes the quote: ""Everything was beautiful and nothing hurt.""   via",irony
3359,"trump THE RUDEST SCUMBAG ON THE FACE OF THE EARTH ,DEMANDS TO BE ""TREATED NICE""",irony
3365,It's brilliant. Photocopier one is great too. And radio. I love the 1980's detailing.,irony
3384,How do we know if Ronda Rousey is even a good fighter? She doesn't even have 5 minutes of collective experience in the octagon...,irony
3412,I'm shocked I didn't even know u liked peppers . Really weird tho cuz I hate peppers and I had one today ??????,irony
3416,but thanks for exposing your own racism in generalizing based on a tweet by one person. :),irony
3425,"Listen to ""The Less I Know the Better ""by Tame Impala   😁good for your soul.",irony
3433,When you go to  for one thing and you leave with over $100 of goods but forget the one thing you went there for...,irony
3454,"I've never met an animal I didn't like.,.. people?? It's hard to meet who can measure up to the good nature of animals",irony
3468,That moment when you are inside a Croma store and more than 100 TV screens starts playing Amazon sale &amp; great offers on electronics.,irony
3505,.  Are U aware of  where tables R turned on Trump heZ one  Prez-hopeful among many Greater irony if he's a LOSER,irony
3508,.  No 1 sees  where tables turned on Trump &amp; he becomes 1  Prez-hopeful among many Greater irony he winds up LOSER,irony
3524,what's really amazing is that a sexist douchbag can actually compete to become US president,irony
3531,.  No one sees  where tables R turned on Trump he is one  Prez-hopeful among many. Greater irony he winds up LOSER,irony
3533,Says Carlo who is dressed more American than 'New Kids on the Block'.,irony
3548,"Narset got off to a great start, but stalled out once the table ganged up on me (deservedly so). Ended up scooping to a Narset emblem",irony
3566,"Did I just hear Josh say, ""Let's not let the facts get in the road of a good story""  I didn't realise he was so funny...",irony
3608,did I really just hear William Humphrey object to a parade because it was about something that happened 40 years ago?,irony
3653,Sums up nice the place,irony
3658,Gov taxes cigs hugely ostensibly for health reasons which drives ever more ppl to counterfeit goods which are dangerous,irony
3691,"The big guy upstairs is really trying to test out if I meant what I said, I guess I'm gonna find out",irony
3696,"Yup, they could be nice people but US attacked Iraq, so they had to turn to murdering scum.",irony
3710,"Just met granddaughter of NY Giants great Mel Ott, talking crossword puzzles at a bookstore, all while wearing a Bklyn   shirt",irony
3712,Amazing 8 days in Cuba. Now stuck on   bouncing between FLL and MIA for 4.5+ hours 😡😒😠,irony
3744,Fooling around with a vegan made me realize they taste really good which also made me want meat in my mouth,irony
3750,It's like rain on your wedding day  It's a free ride when you've already paid  It's the good advice that you just didn't take.....,irony
3771,"I really appreciate that the music playing in my snap chat story 'before demo' is ""0-100"" and then the next pic I'm in the ER.",irony
3776,I guess the grass is greener on the other side,irony
3790,"Woke up to smoke in my room this mornin, my crystal ball reflecting the glare of the sun through the window. Good job I woke up.  🔮☀🔥",irony
3829,Flipmode. Flipmode is the greatest! xwatchmanx42: OMG IT'S      …,irony
3849,You really did it. You wrote an article about frustrating iPhone games and missed   How dare you?!,irony
3876,Does it really count as free if you have to pay $79.99? Not sure I understand,irony
3877,Great. Now if only the folks selling guns illegally will collect that tax... All will be well.,irony
3881,Well of course they deserve a hug considering they have been such good boys and girls.,irony
3892,won't apologize for good journalism. Good journalism from ? Lol  at its finest!,irony
3908,"Realize I could delete prior tweet, but  &amp;  suggest otherwise. Nice walk-off,  !",irony
3945,There is a fantastic  in  loon   not being able (confirmed) to understand the chart!,irony
3960,"Great line in ""Creativity, Inc."": ""Trying to avoid failure by out-thinking it dooms you to fail.""-- .",irony
3970,Guess this was a great advertisement for  ..  No,irony
3977,Neighbors hardly speak. One person who said Good Morning was a police officer driving by my house.,irony
4002,"Great bookstore, ironic sign        …",irony
4004,Today we find out who gets to blow up a perfectly good power plant so the recreaplex can pay its power bill,irony
4028,WOW GREAT SHOW such a responsive lovely audience. Tonight's     !!!! Aaaahh! 🍴🍃😁,irony
4030,The new   single features   and is AMAZING. It’s called ‘Disappointing',irony
4033,"It's amazing how much fear and hate there is for , staggeringly most seems to come from",irony
4049,In which I neurotically discuss a healthy lifestyle  ft. a really cute,irony
4074,I'm not really clear on the definition of  but does a   ad running during an episode of Star Trek TNG on   count?,irony
4077,"When you B* twitpics a pic of KW calling him a Jackass, but his is really the jackass himself by ukuteketisa his wife Kimmy.",irony
4085,What's your number is a great movie because it has both   and   ...and Pratt's wife hooking up w/ Evans😂,irony
4091,Nice editing on  there: Blair's beyond the pale warning of Labour annihilation straight into Iraq enquiry.,irony
4135,Great piece?  Its absolutely sickening and shits on those who make free speech possible.,irony
4143,"This guy has Obama-Hitler handle, with a  avi and is a Trump supporter. Amazing.  is dead.",irony
4235,that   would fall this way on my newsfeed with sarahstage both gorgeous both amazing,irony
4246,"The finest beaches, great cuisine, beautiful weather &amp; irony.",irony
4265,Signs had to be put up because people forgot where the training would be.,irony
4274,"yeah, ur staff looked at us sev times &amp; never addressed us. My poor hubs had just been bragging about your good service.",irony
4286,SO GOOD TONIGHT. Mostly speechless.,irony
4309,"humans spend whole lives tryna fulfill the need to belong, to a family, team but in this life you really are on your own",irony
4318,"The  houseguests are a needy bunch. They constantly seek validation that they're ""playing a good game"".",irony
4327,Someone on FB posted about being unplugged from  and feels great...but posting a message on FB about it.,irony
4350,"I spent my last £3, until Monday, on being able to vote for a Labour Leader who stands for greater social equality.",irony
4409,Wow -really jealous! Tried numerous times to get partner   to come with me but refuses as doesn't like camping.,irony
4411,lol   was really meant to wear the jersey  bc he is was born in 88.  🙅🏽,irony
4413,"“Good artists copy, Great artists steal”  Steve Jobs",irony
4421,"listened to it the with my window open...a bird flew into it, guess the pigeon has a good choice in music",irony
4447,waving goodbye to parents at the airport hoping they get home ok and telling them to message when they do,irony
4451,I do mine on Tuesdays so I feel good enough to catch up on sleep during the weekend.,irony
4456,"Dear Facebook,  Thanks for your wishesh. But Its our 69th Independence Day.",irony
4465,Sharma at no .3 is brilliant move.He has tym &amp; again proven hw quality batsman he is.He proved it 2 day.U just hav 2 gv hm tym,irony
4469,"u can only spread hatred, as you are good at polariziation, riots and cheating ppl in name of religion,",irony
4484,"Hahaha , this is nice! I've written ""I've lost control"" and now I am followed by someone, who help people find lost things.",irony
4491,Gotta love it when you can't watch a T-swizzle video because of a copyright claim on youtube by T-Swizzle lol,irony
4505,Lmfao I can'tttt!!!!!,irony
4510,packed this yesterday to wear today...we clearly were thinking the same thing 😋😉,irony
4513,How sad it is that we have to watch a show on Saturday night telling us how good Saturday night TV use to be,irony
4522,Watching a show that celebrates all that WAS good about Saturday night TV because there is nothing good on now... 😂,irony
4530,"Funny how really good looking people tell the rest of us how attractive 'a good heart' is, but they sure won't date us!",irony
4534,A great  by   about  .     if agree.,irony
4558,Minion &amp; Myriad are pretty good. I guess I'm fine with Rob getting the award.,irony
4599,That moment when you are writing a post about how good Windows 10 is and it suddenly crashes...,irony
4602,People own DSLR's but don't own a good computer which can process those pics  ! — feeling silly,irony
4607,I really hope this won't be one of those life-imitates-art situations.,irony
4626,...once found this in a bin in !  Apart from anything else a book in a bin upset me,irony
4636,yes after a hour nd half I got through to someone... Thanks for your speedy response tho👍🐢 all this from nations fastest network,irony
4648,A commercial for The Hopper on how great it is to skip commercials. Where is the hopper when I need it.,irony
4653,Have you ever noticed that those who demand that you listen to them are often themselves really bad listeners?,irony
4676,"I wish 1K likes could clean idea, or cut the tax slab, or really bring ache din",irony
4716,"Thanks to great service from   in Toronto, was able to get an earlier flight home - and watch the Jays!",irony
4718,All the shit about benteke not being good enough and 100% of  fans have him in the team every week!,irony
4724,Another one of favorites.,irony
4727,Instagram worthy but doesn't taste as good as the one in London    …,irony
4728,Thanks to   for the new 'Xperia in Business' features.  Unfortunately my work Google calendar sync is now broken.,irony
4734,Why do we hate drama in our own lives but love it when we watch ?,irony
4756,"our town could do a great job at running the country, but sadly the word you were looking for was Corbyn.",irony
4764,"Constantinople,greatest Christian city in Europe, was not destroyed by Huns, Vikings or Turks but by Christian Knights of 4th Crusade",irony
4765,To do! Will be nice to be back    a Little Black Dress &amp; Black Tie Affair   ➰✨🍸,irony
4779,Nice Post. I once e-mailed the CXO of my health plan and she never responded :(,irony
4781,Media loves him bc he bumps ratings.   I like him because good or bad he's authentic,irony
4785,How wonderful to discover that   can deliver a catalogue to my house but not the furniture I ordered SEVEN WEEKS AGO.,irony
4823,"Great humour from  fans singing All we want is a decent referee (to the We all live in a yellow submarine, Beatles song)",irony
4828,you mean like the great man of letters GW Bush did,irony
4833,"When Mexico builds 's 2,000 mile wall, his supporters will all bitch about the Mexicans getting great construction jobs.",irony
4840,I to finish this button with the phrase.. With guava beans and a nice Chianti     Anyone…,irony
4849,"Dear  , thanks for the denial of a HELOC on grounds of ""insufficient credit exp."" AND a huge limit CC offer in same mail day.",irony
4860,What it is funny about  is that  really hosted a  so a Talk Show host is Playing a talk show Host :) or  ??,irony
4908,Please check out my latest piece for the good people at,irony
4912,To think I spent so much striving to get into a good college and now finding I may not be fit for college,irony
4921,"is great, but sure can be distracting! 3 scopes this a.m. on productivity &amp; I haven't checked anything off my ToDo list.",irony
4935,Some great morning tunes 👍🏻    …,irony
4960,Good thing this big ass plastic bottle has a smaller cap so it contains less plastic.,irony
5002,And this is why we can't have nice things,irony
5018,"when a song starts out with ""aye, aye, ok look..."" it really gets my attention. just me or   ???????",irony
5037,"That's good. We ""people of faith"" bad mouth each other enough for everyone.",irony
5050,ok good.. did anyone else see in her picture she was wearing a shirt that said 'leave me alone ',irony
5059,"nope...hits, comments, tweets. Marijuana is good for media bizness.",irony
5065,Getting misgendered in a cute outfit on my way to the trans poetry reading?,irony
5069,Funny how privilege operates. Some use their power for good and not evil. Some forget completely.,irony
5087,Shoutout to all the girls giving their fav rapper/singer all their time of day but won't give a good dude any time of day!,irony
5093,"Nice paper. However, the author of this tweet must have missed  's keynote at ACL ;)",irony
5108,It's amazing how 4 yrs have turned around from being the worse thing on earth to wanting them free on NHS,irony
5144,"fortunate, I really do love that they replied to your follow by saying you're free to unfollow them when they followed you",irony
5155,haha. Tru Tru That's Good Too Hear But I Was Thinking The Same Thing This Morning,irony
5158,I've seen a person whose dad was exiled by McCarthy/HUAC really going for Corbyn because of his 'associations',irony
5174,"Her Twitter bio says looking for a good time fuck that drama..  But all of her tweets are random, dramatic arguments.",irony
5180,"Had a good chuckle hearing the ""Staying married was the only way to work your problems out"" line in Miranda Lambert's song Automatic.",irony
5233,"I think it is amazing that  's logo is an Interstate sign, which is basically a sign for great Federal socialism.",irony
5237,Dude! That's a great song; feels like yesterday! ... I graduated undergrad that yr; met my wife in WI that fall.,irony
5254,I am feeling damn happy right now and I don't know why but I love it!  I love this sh*t just came on by,irony
5264,and not in a good way,irony
5271,"technology in action for common good, as machines build environmentally friendly machines",irony
5285,In Nigeria we stress on the importance of good Parenting but turn right around and allow house-helps raise our kids.,irony
5306,"""$&amp;@! it feels good to be a gangsta"" is playing in   right now...",irony
5310,"Why does my hair look nice when I have no plans of going out, but look like a lawn mower went through it when I plan to go out?",irony
5322,"lost the plot long ago...well, I'm not really sure they ever had one????",irony
5324,"Good acronym: ""FIRE"" stands for sectors of Financial (services), Insurance, and Real Estate. Commonly cautious $$ folk can be  too.",irony
5325,"Wanna know whats really offensive? People that are offended by everything, now thats truly offensive",irony
5329,"""Not very nice"" doesn't exactly roll off the tongue… perhaps the word you're looking for is ""snarky""",irony
5332,"The pizza shop is called ""the big slice"" ? Really?  ? Hope the Victim recovers.. But damn that's just too",irony
5341,And it's happening to millennials now   Great article   hitting the nail b/t 2 extremes,irony
5365,"Sometimes it's good to just  a good book &amp; detach from the digital world ... wait, I just tweeted that.",irony
5374,"Focus! Thanks for sharing, unichernn.      …",irony
5393,"""Through the lens(es) of practical idealism."" Thanks, dad.",irony
5395,Him: good day at work? Me: no. Him: best part? Me: when Josh Duggar released a statement that he's a hypocrite and a cheat,irony
5397,Jake_Trotter   Texas saying they need OOS players They all say say the Only reason OU is good is because of Texas players.,irony
5409,Sounds like we could have a good debate at City Party meeting on September 7....Oh! I can..but you can't :-),irony
5456,"Youngest girl in the studio, worst posture in the studio.  Good morning!",irony
5485,"I'm really pleased for it. Well done, life-saving equipment.",irony
5492,Today it seems Heart surgeons are in great demand: Twitter full of Boys &amp; Girls with Heart being hurt by others.,irony
5517,of calling   today re: postcard we got re: great deal on HSI: website &amp; inbound phone down  ?,irony
5520,Trying to buy tickets for Dismaland is horrific! Good job Banksy! ;),irony
5551,See also: historian whose dad was driven from US by McCarthy RTing guilt by association BS from Goody Mensch's crucible.,irony
5574,"--  solar system map sagan is holding was an early ""we are here""  billboard",irony
5582,Why is the weather always nice while you're at work but crappy on your days off?,irony
5597,"great meeting you in  remember your next book: ""The Poor Doctor""",irony
5605,End a bad day with a good movie.,irony
5614,It doesn't feel good does it? I am doing to you exactly what you did to Christine.,irony
5627,"Windows phone is at one time a good smartphone with great life, But new updates and apps and games in it are released, when outdated",irony
5632,nice one for disrespecting cilla blacks funeral by posting pictures of her grave for the world to see,irony
5634,Thanks to some Jokers in Maharashra.. Jokers Frm across India are commenting on Shivaji Maharaj..,irony
5664,"So far you haven't shown much of a sense of  btw ;-) Good luck with the ""truthing""",irony
5668,"1) 22 September (gift ko okay? thanks!) 2) 5'3"" something hahaha 3) Black-ish? hahaha or Brown asa pang blue 4) Green and Blue hahaha",irony
5703,"Never a shortage of hate with these people, amazing! Luckily their religion spreads a message of love.",irony
5705,"""It's the biggest night in television"" says ITV show that is showing old Saturday night shows as they're so good… On Saturday night",irony
5711,Kenosha WI is a great place to visit if u want to be ignored the Northwestern football team is here right now coincidentally,irony
5747,Know someone w/a No Thank U Note/No More Gifts policy.  Thinking abt implementing it myself w/same person's kid.,irony
5778,"Washingtonian in ""less government=more freedom"" t-shirt thanks firefighters for saving his home",irony
5781,We've got to boil our water and now no Sky thanks to this downpour,irony
5801,my fave  greeting card reads on front 'I already have a husband but what I really need is a wife',irony
5819,"greatest failure always, doing stuff for someone who will never ever notice you. hahaha. well.",irony
5848,Homeowner wearing a less-government t-shirt thanks govt firefighters who saved his home from a,irony
5849,When you have to turn down Korean food for basketball 😭😭😭😭,irony
5862,vanessa is supposedly a really good poker player....yet she is really terrible at lying right now,irony
5867,"He was actually considering the TAFE route once he moves to town... now it's *if* he moves to town, thanks to no dole.",irony
5873,see the reporters create news out of thin air..simply ask your guests what they think- so what was so  about the ?,irony
5891,No soup for you RT   (=  in disguise) how wonderful it is..,irony
5966,Ha forever alone 😩 I'm good ! I'll Carry myself.    I suck at picking them.,irony
5985,"Man in less-gov't, more freedom   shirt thanks big gov't firefighters for saving his home",irony
5994,Good morning IG haha    or   from,irony
6006,Man wearing anti-government t-shirt thanks firefighters for saving his home  :   via,irony
6007,amazing considering their fearless leader Franklin loves the redistribution methodology for a greater social good.,irony
6008,Amazing pro ballplayers would rather have shades on hat than over eyes    Talking to you Mr.,irony
6014,You are too cool Mr Wilson!! Great working with you!,irony
6016,Its a great show but  you highlighted the  that has hit obstacles in pitches.,irony
6018,"All good! Had tried many. At least 10 diff workarounds. Right after I sent tweet 2 u, I tried the 11th and it worked!",irony
6025,Contemplating joining a gym... But is 65 quid a month too much? It's really near my house tho so won't have far to walk,irony
6030,"""Man wearing anti-government t-shirt thanks firefighters for saving his home""      via",irony
6035,You really should sit and read this tweet to yourself until the  penetrates your blood-brain barrier.,irony
6094,"Great social commentary, I looked through it at breakfast with my dad",irony
6122,love this  !!!! !!! hishouseofcards hishouseofcards 👏🏻💯🔝🕝✔️👊🏻!!!!!,irony
6158,"Dang,   looks pretty good in her leather Mistress Dominatrix outfit! 😇",irony
6170,*Wonders if US based Fast Ent is developing an app for the IRD to charge tax on overseas goods &amp;services*,irony
6188,great that he's got time to mince around with old Commies... While the rest of us work hard...,irony
6190,Man with t-shirt slogan equating lower taxes with freedom thanks govt-funded firefighters for saving his home.,irony
6191,Perfect toast to the first day on a great new job :)  - Drinking a Ruination Double IPA 2.0 -,irony
6193,I am not sure what are you trying to prove? The display surely isn't for the greater good.,irony
6203,"Sorry, Quaid. We still have a long way to go before we are counted amongst the greatest nations of the world. Even after 65 years! :/",irony
6230,In order to work I needed to pass a drug test. My boss just pissed in the cup for me.,irony
6241,"now, did you really mean  and autocorrect changed it from  to … I mean… … dammit!  😠",irony
6245,I don't understand how Jimmy Fallon goes from one of the greatest house bands in the world to Seth Meyers who has one of the worst.,irony
6249,Oops I ordered desert. Pumpkin pie.      …,irony
6252,The article looked great online! Why did we get relegated?,irony
6257,",Wks ago U called Trump a -then called him a  U cant take Home 4 &gt; Now Hes a viable Candidate?",irony
6258,Good job   doing story on someone being found dead in an   then cut to Uber can pick you up at the airport.,irony
6271,Just got asked to become a mentor...I politely declined due to past experiences,irony
6279,Good to the see media outlets treating Colin Fry's death with respect. He made his money through the desperation of grieving families,irony
6280,"really? Do you live in the middle age? Earth spins around the Sun, did you know that? or would you kill Galileo?",irony
6288,The surveillance state works both ways and good will always defeat evil.,irony
6301,"Sightseeing today? Any good pics? Luther Martin &amp; a statue of Martin Luther, perhaps?",irony
6310,Losing sleep to build my own bed frame is really what it's all about.,irony
6311,Looking at this really dumb design right now &amp; wondering why? Who? &amp; What? It was made to serve? lol! &amp; the client was?,irony
6323,Do we check sources anymore? Great cartoon here. Thanks for sharing,irony
6341,"Oh you're so good at copying the layout and the icon from another person, good job!",irony
6346,Will   help to re-home 100s of great staff that lose their homes as a result of job losses?,irony
6356,All I can say is   is absolutely amazing!!!! 👏🏽👏🏽👏🏽👏🏽,irony
6376,"Monday lunch date wants to pick me. Me: Hmm, not good personal safety Him: *sends pictures of his porsche* Me: Oh balls",irony
6381,It's not really  AND  is it? What asshole decided that?,irony
6389,If I don't get my bank card soon I'll have saved the best part of a grand by having my purse robbed,irony
6476,*country's .. no pal ... it really isnt ... and indictment of the American education system,irony
6482,"Oh, you're right. Thanks for pointing it out.    ?  CC",irony
6491,"Wait, is  really celebrated the same day as  ?  ? Idk, but consider me offended.",irony
6511,really need to drink my redbull but I don't wanna pop the tab in this quiet ass class,irony
6537,"I &lt;3 when people full of ""wisdom"" tweet or share quotes filled w/ ""advice"" they should really take themselves. It's so fun to watch.",irony
6565,Lately the level of difficulty finding good content on Netflix has been driving me to the redbox at the local grocery story,irony
6576,i fucking love it when   shoots a girl  who refused to work with me bc I do TS girls in a TS girl scene!,irony
6578,"Am I really haunting StubHub for   Denver tix? Just realized my novel's protagonist is her age, born when I graduated.",irony
6583,totally just had an epiphany and I know you will love it! Might save the story from drowning,irony
6606,"Bro in law split up w/ GF. For good this time. He is devastated. Don't know why, he fucks everything that moves.",irony
6620,"RT     Hey, did the Steelers really sign Michael Vick on National Dog Day?",irony
6622,"that is crazy, I just watched that episode last night. I've been wondering that same thing.",irony
6627,"She was one of those, whose personality overshadowed the looks back in hs...now she's amazing looking, with a lacking personality",irony
6634,Too few women in Canadian politics? Seems like good debate topic for leaders of political parties.,irony
6640,Didn't expect this at the lawyers office.      …,irony
6641,No thanks to quieter times. Thank you God for all this chaos and consequence.     #😈…,irony
6643,Hey Cher! Are you having a great time with the girls? Did you happen to see this photo I tweeted you?,irony
6660,Skies opened up while running errands &amp; waters are rising. Good thing my new umbrella was safe &amp; dry in my car,irony
6667,"Setting up Family Safety in  requires a child, of any age, to have an email address. That's brilliant.",irony
6711,"Lady who wouldn't let me over flips me off while ""where did all the good people go"" by Jack Johnson plays in my car.",irony
6719,So the Pittsburgh Steelers signed Michael Vick to their team and his first practice was on ? Really!,irony
6722,A very serious 'source'.Good that this 'source' has never spread  reports and .:),irony
6725,ffs and Collins says no body can hurt them! That's coz they by other teams good players !,irony
6728,"Girls/women filter the ""too good to be true"" guys/men, but won't filter the assholes they complain about. 😂😂😂",irony
6731,Another week of absolute distraction due to inspiration...it's  really. O.o,irony
6770,Neighborhood Starting To Get Too Safe For Family To Afford   via     not really funny but,irony
6785,GREAT spanish translation.   All in tags. Better in english than this...,irony
6801,"I thought ""great sense of humor!"" in that early episode when   wore orange w/ b&amp;w stripes.",irony
6815,What are the odds that I do better in something I enjoy more &amp;practiced less than something I worked really hard for but is less fun,irony
6838,"Good luck to all   tonight. Party hard. Sadly, I'll be home recovering from flu - and up for health report gong.",irony
6844,You really are a moron. Immune to any attempt at actual conversation. And you accuse others of trolling.,irony
6845,"thanks 😊 my pile is necessary, jeopardy, stationery, illuminate and I forget the others.Dyslexic memory!",irony
6864,The  of   never ceases to amaze.,irony
6873,sad how labels advertise by giving expensive goods to ppl who can well afford them!,irony
6876,Listening to   as I start to choke on popcorn. A song by   starts to play,irony
6888,I believe it was Alanis Morissette who once sang 'it's like ray-ee-ayn on your water protest charges day',irony
6898,"This X Factor show looks so amazing, I do hope it's on next week &amp; the week after, imagine that! Pinch me!",irony
6908,Nothing racial going on here. The woman f**ked up for being white. Black couple are wonderful citizens though.,irony
6916,"you're right, let's not think about future and let's support Maria against that such nice girl in R1",irony
6926,Man wearing anti-government t-shirt thanks firefighters for saving his home:   via,irony
6931,It's amazing Rosario gets hurt &amp; I believe he never goes so early like Lezcano with Frosted and that may have been breather AP needed,irony
6951,nice timing on this promo   I'd like to do some  in my house first please,irony
6956,Irony: Rev. Jim Jones gave benediction at SF's Golden Gate Br suicide rail. Thanks   &amp;   !  Strange,irony
6999,This extrovert is winding down after a great  weekend with a   Introvert.,irony
7016,Ideas? 'Shop local' would be a good start!,irony
7025,Same song back to back on completely different stations,irony
7051,I'm trying not to laugh and go off right now. The irony is literally killing me. How do you not see it?!?!?!,irony
7079,"Melody to MJ's ""They Don't Really Care About Us"" played at National Day Celebrations. Loving the subtle hint.",irony
7081,Does Family really matter ? |  | creative labs ™ |    @…,irony
7098,it's  that the  protesters want malaysia to emulate Singapore but can't really mount a gathering IN SINGAPORE,irony
7112,"Struggles of live-tweeting: you can miss big stuff if you're looking at your phone. Thanks,  , for helping me catch up.",irony
7136,if someone has only gone to BM through one of these concierge services ... they've never really been to BM,irony
7161,*gulps down* thanks. I'm bitchy today. And they're making me do my ethics and code if conduct training right now.,irony
7183,Side note. This would have been great first day of school hair 😆,irony
7186,that's so good to hear. Cause I've been standing in line in the social insurance office for the last 40 minutes  😤,irony
7187,The bit you didn't understand you little moron 😂😂😂😂😂😂 brilliant... Brilliant... Brilliant!!! Hahahaha!!,irony
7251,When the first cake you write on at your new job is a Carvel cake...,irony
7255,"It's the good advice, that you just didn't take. Thanks to   for the base photo.",irony
7268,"Crashed, broke iPhone (again.) To buy anew, must get SMS code. Broken 4S awakes and receives it! Never mind and thanks for the  ATT!",irony
7269,Really? I thought the world is increasingly filling up with smart phones and stupid people,irony
7295,"Somebody should tell   and   that the word ""Ohio"" comes from the Iroquois word ""ohi-yo"" meaning great river.",irony
7330,Reading your journal from seventh grade is a great way to never want to record your thoughts for people to see ever again.,irony
7359,"It can't be, OMG, such amazing Plotwist, all hail Gundam SEED, the best Gundam of all times",irony
7365,"The grumpy man guarding mall entrance    should really quit &amp; not work in, of all industries, .",irony
7379,i really love seeing first day of school photos even though the beginning of school/end of summer is a major source of agita for me.,irony
7402,"Hold on. Auschwitz has installed showers. Really? Seriously? Irony really is on the ropes these days, isn't it?",irony
7423,"in  is just so perfect. ""But good luck to you Peter. I'm sure this decision won't haunt you forever.""",irony
7431,The amount of irony in this is fantastic.,irony
7449,so many disturbed over   had..and yet the piece of film is being shared by loads of peeps LOL,irony
7451,"One of those angry, conservative, anti-gay ads came on the TV in the break room... DURING the Ellen show. Amazing",irony
7453,"Jenna goes crazy over Janice eating her kosher food, but shes quite fine about drinking non-kosher wine. Legit jew right there",irony
7466,&amp;urOUT     😕,irony
7478,I don't know why I find this particular twit  maybe is its  -  with all that over there.,irony
7483,OFF-THE-GRID || 🛀🏼 🛀🏼 🛀🏼 || Repost   ||,irony
7493,Getting my Badge/ID picture taken in &lt;12 hours for my job at UC Health and don't wanna look like a scrub,irony
7537,Very funny   chucking everyone off the circle line before a 'good service on all lines' announcement,irony
7540,"Girls will buy a phone with a really nice camera, then purposely make their photos blurry to hide wrinkles.",irony
7546,AJ Ellis got call with good framing of 3rd K to De Aza in 7th. HP ump was Mike Winters -- who criticized Ellis' framing in May game,irony
7566,So happy to hear that! We more rain coming so I'll  send more your way.   Have a great Wednesday Roy! 😃,irony
7570,Thanks for the positive post! Sure   will take heart from your encouragement and desire to see them succeed!,irony
7582,:   describes  as complete   too good not to . Hope they remembered to !,irony
7600,"""We believe good customer service is answering the phone quickly"" - customer service hold message, 10 minutes in.",irony
7601,Gave talk today. Projector gave out green and mush colours.  Talk was titled 'Colours'. Audience brilliant. Already invited back!,irony
7608,"It was a really ""impressive"" story 😂         …",irony
7610,really you should be looking urself in the mirror and saying that tho,irony
7613,So you will talk to me to only espouse your own viewpoint? So..really no different than anyone else.,irony
7624,Photo: It was a really “impressive” story 😂         ...,irony
7627,What's this?  is on her 4th marriage? Is this really the best person to be protecting the sanctity of marriage?,irony
7634,Farrah claimed people would be intimidated by her confidence when really she is the most insecure in there,irony
7666,"Wait, you're telling me LSU's chancellor really refers to himself as ""F. King Alexander""?",irony
7671,The Nobel Peace Prize winner has become the single greatest sponsor of national terror.,irony
7675,Is there  in this email photo I got from the  I'm not really feeling the love.,irony
7704,": China Announces Cuts of 300,000 Troops at Military Parade   The timing is a bit  though.",irony
7718,So I am doing good on my writing for english but horrible otherwise.  I am a good writer who doesnt understand simple grammar &amp; vocab,irony
7724,"...   oh great  is free...There goes my  season.  And  is well, 'deflated'.",irony
7738,"When Instagram publishes an update to its Windows Phone app, you're never disappointed! Nice work guys!",irony
7770,Goodell tries to accuse Brady of not cooperating; suspension gets overturned partially because Goodell wasn't cooperating,irony
7785,". , please make  enjoy (maybe climax for the first time during) the cavity search. The  will be delicious.",irony
7791,"Goodell in '07 ""We must protect the integrity of the NFL. The highest standards of conduct must be met by everyone in the NFL...""",irony
7811,the great get together is so inclusive! I think precious even.,irony
7824,"Almost accidentally went into the women's bathroom. Then I realized, nowadays it wouldn't really matter.",irony
7828,"So I guess this means, that after the Tom Brady's incident, Roger Goodell is the only one with deflated balls atm.",irony
7833,Why does 'reformed' alcoholic Phillip Howard say to Danni her trifle needs more champagne?,irony
7852,Great for you    -for those in talks maymay not be helpful.,irony
7855,"while one was nice enough to see and return, the other is aiding a larger sum out for her own gains",irony
7857,You know white people get money don't spend it or maybe they get money buy Venice,irony
7880,Australia’s Brutal Treatment of Migrants     So proud to be Australian!  Thanks  .,irony
7888,Thanks Microsoft for new clutter box. Now I get another junk mail from you every hour to tell me I have been de cluttered!,irony
7894,This was great!  Just heard on   poem 'Ssshhh' by    but I'm not in a library so prob ok,irony
7926,So Goodell wants to appeal Judge Berman's ruling? I think it would be great if Berman judged the appeal.  😂,irony
7929,"Good news! Stanford scientists say ""Only"" 40-foot  level rise expected from stabilized 350-400 ppm",irony
7932,"They put that nice store in at 15th and Walnut, but the service is horrible even outside the store.",irony
7941,it was amazing!!! Thank you! Except for those shoes. I hated them! 😉    😴😌,irony
7955,At 2 mins 20 secs someone shouts 'oh! be careful',irony
7956,"I was really surprised too, that my chains was shortened a bit :P.",irony
7974,When you wait on a text for a bit then fall asleep wake up and realize they fell asleep too,irony
8010,Only one   team voted against giving  dictator powers so sorta funny hearing everyone complain especially  &amp;,irony
8024,Really? how  is it that u tweet the day after I mentioned it?,irony
8029,The only time that's good to watch tv at camp is when it's raining. When it's raining we lose the signal 😂,irony
8036,It's nice that  disabled her vid comments. It would be a shame if people cyberbullied her like she does to others.,irony
8038,".    All the flavor is in the leaves, which make good seasoning. So they cut off all the leaves in the supermarket.",irony
8058,was amazing. So glad to see it was on TV. The commercials though really clashed w/ his message.,irony
8062,How the hell did   weasel its way into my Instagram feed?,irony
8076,"Austin- ""I'm becoming too dependent on my queen"" [ed. He was talking about chess but really life imitating art]",irony
8088,"We found ourselves singing Marvin Gaye in a deaf bar, the irony was insane. At least we are good looking enough to get noticed.",irony
8095,"I was on my way home from another boring day studying biology and I thought to myself, what does that really have to with life",irony
8102,"Ahh, Labor Day weekend... when a bunch of   players lose their jobs.  Good luck, guys! Stay in shape.",irony
8132,"I crashed my car into the bridge. I don't  care, I love it. I don't care.  󾠣󾠕󾠘󾠘󾠓󾠔󾠔  — celebrating an accident",irony
8143,"One of TV's most  programs, Maude, owned a catch phrase so relevant re: : ""God will get you for that""",irony
8169,David Wright on Kids Clubhouse teaching kids to hit to all fields when he himself doesn't really do it anymore...,irony
8191,Wait so the   album isn't getting great reviews?? Why am I loving it then?? CRITICS ARE DUMB,irony
8194,"Real Cuba.""grocery store"" x ""CubanTourists"" not x foreigners.",irony
8227,Hamilton only happy when wins - great English sportsman natural will to win. Murray only happy when wins - miserable Scottish bastard,irony
8233,Of course it's beautiful weather today: school tomorrow! The sun also took a 7 week break and now it's back too! 😂,irony
8237,blocks you from viewing their tweets&amp;interacting with them  when they want us to celebrate the good unions do for us,irony
8255,Agony is being at a funeral and wondering y pipo looking at u strangly only to find out yo shirt is printed LIFE IS GOOD :),irony
8283,And if they bother to arrest these rapists they should stone them to death as the great prophet has commanded.,irony
8290,"View of the Ebro from Briñas, Rioja. Don't know why great wine regions are always so ugly &amp; rainy.",irony
8346,Watch ...like right now!!!,irony
8352,"""We have the internet.” “Ohh. I knew that thing was good for something."" [Netflix freezes and displays an error]",irony
8353,Talking is hard.Not good with emotions I run away from them it frightens me.Its weird because I love to love.,irony
8359,thanks for the suggestion... LOL,irony
8360,".  that's fantastic,   reminding Canadians Harper once signed a coalition agreement with the Bloc",irony
8361,Today's soundtrack to put me in a good mood,irony
8366,In an ironic twist I finally really want to go to the football on Saturday but I've committed to helping set up a friend's birthday.,irony
8383,Nice headline. 😁 America: The mightiest military force in the World. Can't survive a pillow fight.,irony
8389,is AGAINST ? ! They're equally as  as far as I'm concerned. The  is so good it hurts!,irony
8404,Its amazing that the self-proclaimed defenders of  in  are the ones who are not organizing the,irony
8407,and  's budy   is making a lot of money carrying it on CSX rail cars,irony
8455,Heading to the gym for a good workout on labour day. Does this mean I have to work extra hard?  😂 lets do this! 💪🏼,irony
8479,12 yo said all my music is 'old'. I told her to pick the music. She pulls up her 'fave' song. It's 'Here Is Gone.',irony
8481,Im not a great comedian; regardless...  I like to pull a quick one to drop my audience dear to me dead with laughter,irony
8484,Started my Monday with 3 consecutive biology sessions and they were really interesting 😍😍,irony
8506,I just have SO much to say about this!      @ Pier…,irony
8511,Just saw a Mustang with Boss detailed on the side. I hope that your actually a nice guy. On second thought I hope you're a girl,irony
8522,Good thing I'm self-employed and don't have to stop working at all...,irony
8532,...hey  community I got a great suggestion for you....do hunger strike in protest of santhara ban haha,irony
8571,"""Parisians are worse than you think""",irony
8584,"I feel like ""meh"" best describes my thoughts on most everything. Though instead of feeling meh about it, I feel great.",irony
8600,&amp;  are really pushing  into a corner that police reformers are trying to pull cops OUT of!  ^lh,irony
8605,"Of course, there are free donuts at work the day I pick up a chicken biscuit. This is like an Alanis Morissette song.",irony
8624,This is one of those situations tht proves how SIMILAR  and  muslims really are.,irony
8641,"Roger Goodell open to changing his role in NFL player discipline, discusses Deflategate ruling",irony
8642,"""When you don't know what irony is"" RT  : ""It's really mean what u said you cunt, bitch, whore, die, kill yourself.""",irony
8658,"Went to sign, but you are required to give your 'country' as United Kingdom. Not good.",irony
8691,"I love when one of my friends shares things on social networks that they think supports their beliefs, but is really opposing them.",irony
8693,I just love it when butthurt people try to make you feel bad so they can feel better.,irony
8694,Good to see God has a sense of humor still  RT  : A Quick Look at : (cont),irony
8697,is he really the player on tix for Game 11? His last shot for full year of service?,irony
8717,"Today we received 3, well made brochures on how not to be wasteful.",irony
8724,lmfao you call blacks ignorant- anyone that uses the term you people really shouldn't talk about smarts,irony
8732,"Wonderful! Can't wait to use this snippet somewhere! Much fancier and safer than ""(arg &lt; 0)""!",irony
8738,I can't see it? Which makes it a brilliantly well played pun :o),irony
8777,The Jewish Lobby really is all powerful... just look at the huge swathes of coverage of the anti-semitic chants outside Number 10...,irony
8781,"""Let’s face it, it is really bad if you have to go OUTSIDE your party to get your party’s nominee.""",irony
8790,"It's funny how the bus company bragged about how good their new system was gonna be, when it already has been problems with it",irony
8842,"""Let me show you how to do great print design on your iPad"" -",irony
8855,"Really,  ends their big presentation with a lousy band whose song includes the lyric ""Take that money / watch it burn""?",irony
8860,Perspective         …,irony
8862,the World of Interiors is all about  today in a disused  what an amazing dining experience! ...,irony
8870,"Great   article.Funny how""Christians""never see the  in all the crap they say",irony
8871,"I want to do this... I'm worried I won't be able to, though.  Wow.  -- got to love it, right?",irony
8882,Thanks  ! Rec'd the replacement for the Ring that drowned in freakish monsoon rains. Can't install just yet; it's raining.,irony
8901,Wouldn't it have been great if the water cannon turned on the milk farmers in Brussels had sprayed them with milk?,irony
8919,it's good to see geniuses fixing bugs in the spec,irony
8934,"two years ago to date I started my blog. 48 posts later, I have my 49th. If I was a good planner, this would've been number 50.",irony
8952,"It really wouldn't be  because its not ""urban"", its ""urban legend"" which means a story.",irony
8969,Your over-reaction to this 'issue' will likely give feminists a bad name.  really.,irony
8981,Tories Cut $11B from OAS but cut corporate taxes ?,irony
9008,"Danm you  ! You creator of great content, how dare you make me enjoy more minutes of it in one video!",irony
9039,the only Quiz  with no questions or answers,irony
9042,"LOL too good not to share - hard work, medication!",irony
9048,is wicked good  is it looked cool and  makes really smart tv...but got hooked bc it stirred up  nostalgia,irony
9051,im not even really vegetarian its just easier than saying im a picky eater at 28 😂 most of what i hate is meat tho;),irony
9064,"Brilliant! ""Artist depicts the most frustrating products imaginable""",irony
9065,"Am so enamored with TNW's amazing sliding site takeover ads, I've decided to stop clicking their links because too exciting.",irony
9069,"A Tribe Called Quest inspired me to write raps. Their greatest hits, playing at the cafe, are distracting me too much to write raps.",irony
9071,"Going through old files and found this gem! Oh Gov Blagojevich, such a great model of ethics",irony
9088,- good night 😴👀🌑🌎 by rmentar,irony
9089,aaaaaand you have sunk down to his level. Good for you.,irony
9090,Spot the  mistake in 11+ letter from   Good job the paper is marked by a computer!!,irony
9093,I kind of feel this way about Twitter. In fact this tweet may be spectacular.,irony
9095,"is a most wonderful dwelling;memory is a most painful dwelling.The Universe has a cruel, ironic wit.  R. Ashbaugh",irony
9100,Times like this I wish I did Facebook so I could post stupid cryptic messages telling people what I really think,irony
9110,Check out Google today. My brother   did the Google Doodle to kick off the NFL season. Truly amazing,irony
9114,: So u mean only 500 out of 5000 have an international audience thanks to their medium of communication being English.,irony
9116,MPs refusing to take the blame for anything they've done sets a great example..,irony
9118,Looks like all the off field issues of deflategate this year really bothered the Steelers. They didn't show up to play early,irony
9122,"For the love of good Cold Coffee, I go to .   (via  ) -",irony
9127,Its so hot in Cali that I turned on the cold water &amp; it was steaming hot!So I had a nice shower with cold water that was burning hot!,irony
9132,thats alrdy in motion too - good eye. hadn't really paid much attention to that. US spying will crush that last engine,irony
9135,"I know there's something really  about that.  too, right? Her  just doesn't quite fit.",irony
9137,working on the Lotus this weekend-and it's supposed to rain.Seems fitting.  electrical too.,irony
9141,"A good rule of thumb when trying to find work you love? Ignore all the ""good advice"" people give.     #",irony
9147,"Well, if this has one good effect, it'll give those modest   editors a much-needed ego boost.",irony
9152,Only Jamaica would name a cricket stadium that is not being used after the greatest sprinter in the world,irony
9154,"We were born free, but taxed to death.",irony
9162,love that you talk about how great the charge is yet it's on the charger.,irony
9192,Catching up with   &amp;   legend   on FA cup weekend,irony
9212,let's talk about the Iran deal &amp; how great it is for this &amp; other Countries while remembering 9/11,irony
9226,"You really can't grasp the concept of irony when you call the left ""loonies"", can you? Roger Helmer, anyone?",irony
9227,We watch television to escape from reality but those of us needing the escape can't afford the good channels,irony
9232,Well it is,irony
9242,W/all RESPECT 2  I wonder if there's an  2 this  fight!,irony
9253,"Hey  , can you  really include  and  in a tweet ?",irony
9301,"The last human at work, I briefly linger to listen to ""The Last Man"" on  .",irony
9310,"""I have noticed how a younger wanna be older, but then the older could do anything to be young again"" nice 1",irony
9321,Arrived fashionably late thanks to the fireworks and the illuminations traffic   the starters just ended,irony
9333,Thanks Rocky. Glad you and your cat is having a good moment. Hope it doesn't make you too depressed! ;),irony
9339,Good job   fans...chant USA against a team made of mostly Americans,irony
9344,Good to see that 6 months later the word of the day is still stickability,irony
9394,Refugee rally good turnout today tho looks to have squuezed out all the homeless from state library grounds in,irony
9408,well yea. Ironic nice for a month. Rains on the weekend/Bills &amp; then Mon - fri beautiful  only in Buffalo,irony
9411,Are united fans really singing a song to the scousers about a slip that gifted city the title?,irony
9418,"Remember that time, 2 Friday's ago, when Auburn thought they were good and hated on Alabama for not having a qb...",irony
9421,"yes great movie; that line is said by Charlton ""from my cold, dead hands"" Heston",irony
9432,These things are brilliant for getting into blister packs - guess what I need to get at it?,irony
9462,Amazing sunset tonight after looking at Turners earlier     …,irony
9465,TD and 2 others good so it's 28-17   with 2:51 to go. Last season Hobart won 28-18,irony
9481,nice 😂  at the,irony
9482,If only the really did erect  to commemorate events like this!,irony
9505,Legoland not exactly in their demo but we all had a good time,irony
9513,"Finally saw . Well acted, great action and a much needed message that most of the world skipped in favor of",irony
9561,"saying Obama has been a "" lousy Prez"". As if he's been a good . PBO has more accomplishments than most Prez.",irony
9573,Amazing but  is actually on the brink of a possible war that might break out due to the EU's incompetence and corruption.,irony
9576,Brilliant video. THE UK GDP GOES UP BY 20% WITH OIL -,irony
9579,First night sleeping with the windows open and it's so nice outside that I don't want to get out of bed,irony
9580,"true Tarunbhai , when it comes to -ve thing we are highlighted and for good ignored",irony
9586,Got to love concept of Labour supporters raising paedophilia as an issue.,irony
9594,"Good thing   belted out ""We Are Never Getting Back Together"" at a wedding on her snap chat story",irony
9602,Trying to run the speed test on   site as told by rep. Page isn't loading cause connection is not good!!,irony
9610,Apple’s iPad Pro proves Microsoft was always right about the Surface   via,irony
9625,"On Draft Kings, you don't really ""draft"" anyone, and most of the successful people on Fan Duel aren't ""fans.""",irony
9664,So fanatically right yet so systematically wrong.,irony
9666,"when you say ""punk"" you really mean corporate sponsored hot air balloon",irony
9694,Within the last three days not one... But two great things I used to have have some how crept back in my life.,irony
9722,"There is a great Aussie comedy, Malcolm",irony
9732,gone are the days when a college degree actually meant something.there are more people doing great things without a degree than with,irony
9739,Today at school I had to teach a child how to swim... She was a very good club swimmer that seriously should have been teaching me,irony
9760,"I love it when my conservative, retired military, disability collecting grandpa complains about paying taxes 😒",irony
9804,"It's amazing how society works, people think that talking about sex is taboo but yet they are the nastiest and dirtiest people in bed",irony
9814,Who knew entering a selfie competition was going to lead to winning a selfie stick?,irony
9859,"It's fascinating to me how rapidly ""authentic"" has become a hackneyed, inauthentic term, thanks to overuse in the GOP debate.",irony
9865,"Well, this is awkward. Thanks Facebook...",irony
9868,In our office seeing Jay Cutler on your desk on Tues is a good thing!,irony
9870,"Was useful 2x; 1x in Vancouver, BC, 1x in Portland (from Lloyd to Ford). Where car sharing is, pub. trans. is also good.",irony
9875,I'm having a really difficult time staying awake during this Psychology lecture over sleep deprivation.,irony
9879,and we rewarded the tyrant by naming a road after him  . Thank God good sense prevailed.,irony
9880,Strangers seem to always recognize your greatness before others!  @ Orange Park Running/walking,irony
9892,Been sent a 4MB press release about Peter and Pauline Carter moving into their dream home. Thought I'd share this good news with you,irony
9896,"In fairness. Was anyone really that bothered the 1st time round...?     ""RT from Dec 2009""",irony
9903,"Good thing I've got my ""I Run"" bag to keep my peanut butter m&amp;m's safe and sound.  …",irony
9968,the  of the  ... will    ?,irony
9992,"They keep tweeting their hate of 'whitey'... from phones invented by whitey. Kinda funny, really.",irony
9998,The Tigers are beating the Twins tonight w a junk throwing pitcher on the mound and some good defense.,irony
10016,Good job by american Police. Keep up the good work of putting a minor boy in handcuffs.,irony
10031,I really have this thought about VP binay but yeah i would rather keep it to myself and laugh about it alone,irony
10041,"If I could not work with any women ever again, that would be great.  Women are such .  Yes, I totally see the  here.",irony
10051,A lesson in  for this Wednesday? Thanks to a former student for agreeing to help!,irony
10083,Really chuffed to see an 8 page feature on   in  's  edition.,irony
10087,Waiting for taxi company to ring me back...I Will Wait by Mumford and Sons comes on the radio!  thanks,irony
10115,"of  , we run for things that make us sad and chase away things that make us happy ..",irony
10134,plus Decker &amp; Ivory had great games. I commented on this last night on   and gave some props to Idzik.,irony
10140,The Benny Hill theme is the best greatest ITV theme in the world ever! Aren't popularity polls wonderful?,irony
10143,"Thanks, for reminding me timehop    Too funny!",irony
10159,tweeting abt professionalism in class on laptop/phone use,irony
10177,Santorum is talking about how ISIS is dangerous because they believe we live in End Times.,irony
10198,Should  really be on a public stage talking about  other people???,irony
10207,The blonde &amp; the brunette ...,irony
10211,.  thinks bringing bottled water to debate is good plan for California's drought.,irony
10228,"Reagan used the airplane behind you to help tear down the wall... Well that's nice, let's build a wall.",irony
10237,Gee thanks Captain Softy. We need strength from the right not more platitudes,irony
10249,FYI the worlds greatest businessman doesn't own the rights to his own slogan!,irony
10252,"Wonderful,  , simply great coding!",irony
10254,lectures on drug use while drinking  .   great job on,irony
10293,Amazing that   on  &amp;   on  made more laugh playing Blues than they ever did as comedians!,irony
10294,"Ah brilliant another train shambles, will miss connection as running late and stuck outside Earley",irony
10365,How about we celebrate Constitution Day by pretending the 14th Amendment doesn't really mean what it says?,irony
10366,Should I really need to folllw sturbacks Spain... Being a proper white girl is so hard,irony
10401,4G was good while it lasted! Thanks for the heads up. Poor communication from a telecommunications provider.,irony
10407,Does anyone else find it ironic that the Houston permit office has a really difficult parking lot to navigate?,irony
10438,do you mean 'dumber'? Haha  - in fairness that is brilliant though lol,irony
10440,In Which I Learn Why There Are No Great Women Composers   via,irony
10456,Is it really a year since the Scots voted to keep the Union. How time flies. Meanwhile the nation is actually split politically.,irony
10463,"The fact that people are claiming to be insulted and referring to her as a ""slut"" in the process really makes me laugh.",irony
10479,When you're talking really loudly and don't realize it because you have headphones in... and your working at a library...,irony
10491,reveals that  no longer a problem. Reason? Drilling now possible in Arctic thanks to,irony
10493,good for her and yet Evan blocked me once for being too much of a bisexual activist.,irony
10521,"""You gatta be a student to be a great teacher and sometimes you gatta follow to be a good leader""",irony
10531,"There is nothing as great as being sick, have all-day heahache and feeling like ... actually, not feeeling at all.",irony
10536,THIS!!! But really it's the leftist (including leftist Muslims) who get the most insulted,irony
10542,Greater Anglia escalates minor delay into major  into cancellation so smoothly. Lucky to have them as train provider.,irony
10563,"I've always been described as curious, so this sounds like pretty good news! :)",irony
10567,Quite. Along with much else. I feel there should be a Goodbye magazine full of celebrities shunning publicity.,irony
10584,Just read this tweet while first track is playing!!,irony
10590,...and there's the good Christian conservative response I've come to know and love,irony
10607,Chariots of fire video is amazing too bunch of dudes running hard out while some fella sits at the piano having a dart,irony
10612,Remember that half court game winning attempt vs Detroit?,irony
10681,New  : Ironic really ⚫️⚪️         …,irony
10684,"Why would Diego Costa be right on top of the trends tho? He didn't even touch anyone, he played so good and without any faults -.-",irony
10709,Lol. It has only really worked for   who had extra time to find his stride.,irony
10716,decided to watch mock the week to cheer myself up after a really shit day only to hear Andy Parsons completely dis,irony
10719,"First time since Jan that I didn't have to pay for bc since I'm no longer on Duq's ""health insurance""",irony
10722,"It's really disappointing how you put effort on someone and once you stop, you realize they never do shit or care about you.",irony
10732,amazing... a 30 dollar Alcatel phone (given to me by the bank) is still working after dropping and the 300 iphone 4s isnt...,irony
10743,"Blackberry has shed 8,000 people and now CEO says finding and retaining good talent is hard",irony
10744,Great timing by   to show  probably South Africa's greatest ever  moment the same day as their worst,irony
10748,I dropped my phone before this pic. Good thing it's waterproof,irony
10755,"To be fair, ""Big Sam"" had a reputation for going away to big teams and really being positive and going for the win",irony
10761,"The good news is I was carded, too! The bad news was they asked for my AARP card. 😳",irony
10799,"had a great day yday mate, cheers for having us! On way home now n were stuck behind your van.",irony
10823,- great response  . Why can't all of the GOP embrace the constitution? They love to claim it.,irony
10846,This girl in front of me at taco shop has snowflakes tatted on her back and she is really tan.,irony
10868,My mom just gave me a lesson on missing church today. I'm never good enough am I? My aunt judges me and she judges me,irony
10885,Bitches be loyal to dog niggas but the good niggas get dogged.. Hoes get wifed up while good women are single,irony
10903,If you look at the outlet you realize that it must not be that good of a year.,irony
10910,the Future Shock that   gave to   the Lethal Lockdown really did give GFW a FUTURE SHOCK,irony
10963,Hugs Poster Print,irony
10966,"I swear to shit i jus heard a couple refer to their kid as Knowledge...  really... The  thing I've heard today,  how",irony
10977,Second comment...is a Tennessee fan really trying to say that about Florida fans? 😂,irony
10986,Great  that   masks emissions from the engine that was modified to use one tank of   renewable diesel to cross USA,irony
10994,". It's the first thing we really learn in life. The  thing is, once we grow up, learn our...",irony
11016,"I really want it to come down to her and Carson, and have Republican voters forced to choose between them.",irony
11026,"""...and that's inconsistent with our principles and our Constitution."" - Ben Carson, (R) and likely practicing Protestant.",irony
11031,trying to calm the situation down after stirring the pot is   get a grip really you are loosing it big time!,irony
11035,"is selling  tops, forgetting their CEO doesn't want people who aren't ""good-looking"" wearing their clothes",irony
11038,"Sat here, crying over a book called Boys Dont Cry. Why do I have to be so emotional, it really sucks :(",irony
11039,"Great victory for , however...only for 50% of the people with the right to vote. Putting things into",irony
11049,Is this really a good defense strategy for ex  execs William Facteau &amp; Patrick Fabian?,irony
11068,That would be a 500lb pallet of diet food and   and  @ Acorn: an…,irony
11075,A sports psychologist. He ripped into Froch for speaking to one now it's him that really needs it.,irony
11079,I feel sorry for Trent Richardson. He was good until he came to the the colts.,irony
11081,I love how when the colts offense is great our defense sucks and now when our defense is doing great our offense sucks,irony
11083,Scott Walker's front page right now.,irony
11094,TAKING OVER EUROPE!      USA is NEXT thanks to  ! Liberals,irony
11099,The difference b/w the truly good people and those playing good is the former's infinite patience versus the latter's zilch.,irony
11123,"I can't believe someone used ""man you really do stink"" and they're jabbing at u about being a comedian",irony
11141,Great to see Brie   isolating the leg much like the 4 horsemen used to do on a nightly basis.,irony
11165,I just love it when Junior Doctors are falling over each other to impress you.  Its not irritating in the slightest.,irony
11173,"Max thinks it's ironic because gram thought that max saved Kevin, but really Kevin guided him away from blade.",irony
11182,"Why the game is not compatible with iPhone C? I  want to play but I can't play, really thanks!",irony
11208,"Why, because max doesn't know him self to be a good person that's saves people he doesn't see his self as a hero.",irony
11210,and     just moments ago. Love it!,irony
11212,Just arrived to  . Huge city.,irony
11216,you have really let me down. IOS 9 has frozen and destroyed my iPhone and the only way to contact Apple is to phone.,irony
11218,Programme about economic migrants travelling across Europe is greatest ITV show…&amp; is praised by the Daily Mail,irony
11234,"""  Thank goodness we have a so called ""Long Term Economic Plan"" otherwise what state would we be in ?",irony
11239,Sometimes the nicest people u meet are covered in tattoos and sometimes the most judgemental people you meet go to church on Sundays!,irony
11248,"good piece, important subject. Shame para 6-8 so sexist and never how media would talk about men.",irony
11253,"Good, after I wiped the drool off it, cracking machine, were talking about them this afternoon",irony
11267,"Strange isn't it that we buy water in a bottle branded ""naive"" backwards when there's perfectly good water in the tap.",irony
11288,at this point I'm really convinced that you're sick from a lack of vitamin D.,irony
11298,It's amazing how I just wasn't shit for being from the ghetto but now those same people claim they bout that ghetto life 😒  ?,irony
11347,Really look fwd to an article if any.May hold ans.to the vexing issue of how India could raise costs for Pak for Kashmir,irony
11359,"Yes, I'm tweeting about a blog post about a book.  Some great (and scary) quotes in here though.",irony
11361,What's really  is that  was repping  ideology when he made that sttmnt,irony
11366,"James, thanks for sharing! If you're willing, please vote in our poll",irony
11381,"""I bet if some of those backups only had chance, they could really shine""",irony
11392,great article this morning   should hook up with   and be their spokesman,irony
11412,"Threads are bad. Threads are bad. Threads are bad. Threads are bad.... Wait, We now have thread pools!  Genius! Threads are great!",irony
11420,"I am sure there used to be a successful, reliable, company called the Great Western Railway. When our railways led the world.",irony
11445,Today was really a consummate study of .,irony
11462,Good Yom Tov! Was an easy fast until the final stretch. Now I'm ! And we fast to remind ourselves not to be angry!,irony
11467,Amazing: videogame voice actors are already unionized &amp; voting to maybe strike; devs don’t even have a union,irony
11481,Why R born again Christians so defensive about the unknown?  Yet some of them listen to some really messed up music?,irony
11490,"All the good shows were on tonight💃🏻. My mom is turning me into a TV addict, it should be all the way around.",irony
11492,A  just aborted the greatest  who would have ever lived.,irony
11504,its  that my family always had a dining room table set up in our house but the only thing we ever ate there was thanksgiving dinner,irony
11518,Not really caughtin Oz yet ...    think blue program,irony
11542,VW flyer thru the door...their 'as good as new' event.....not that good then eh?,irony
11577,"""Laughter makes a man ugly!"" says the ugliest character in the film. Great film, worth rewatching.",irony
11617,"I don't believe SSH is human-made. It's a godsend. Thank you, our god I&amp;T, the True Creator.",irony
11648,"As   is showing examples of ""really bad slides"" others are tweeting images of that look quite similar",irony
11660,"I'm speaking on stage at the school event tonight (ugh) &amp; I've woken up with a sore throat, which is kind of hilarious really",irony
11661,casalaurito: RT heather_parisi: The blonde &amp; the brunette ...      …,irony
11662,"how does a bunch of ""blabby"" newscasters manage to KEEP that secret? all the while talking about how nice his hair is?",irony
11670,The biggest risk to my continued good health is the bureaucracy of the healthcare system.,irony
11703,It would be great it more than one person knew what I was talking about with me having to explain it.. this might be,irony
11719,is when   is received by  as a hero He is not a good ally.     is more accurate,irony
11726,Vile piece in Daily Fail picks on Kate Moss for aging.  Author wrote a book about pressures faced by girls to look good!,irony
11729,"Thanks, Apple for the new . Now, I can upload pics to Instagram and listen to the music at the same time. Great work, guys!",irony
11764,Females will tweet everything about wanting a good guy but will end up with that fuck boy that they subtweet about everyday,irony
11768,. 's sidebar isn't doing a good job promoting visibility of female voices.,irony
11785,Kiera is doing a great job of being used by the producers  Sorry love you're not Alan Sugar,irony
11802,"Luke McCown stars in Verizon ad about how back ups could really shine. Two weeks after ad hits air, he's starting for injured Brees.",irony
11805,Lights have gone out in the main stand the night the   are here,irony
11825,Greatest  of ? It will crucify you when you are alive and glorify you when you are dead.,irony
11826,Sometimes I get really worried n para about having low blood pressure which probably then raises it n helps,irony
11837,My awful singing makes me happy!,irony
11838,"Didn't  recently equate dealing w/ Conservatives to garbage men getting used to garbage? I say ""Good riddance to bad garbage""",irony
11839,Just watched hordes shoving and screaming at each other for the chance to see the  on his way to talk peace at the UN. Love it.,irony
11845,Is anyone else getting a kick out of people taking and posting pics of their new  with their perfectly good ?,irony
11865,"Did a great tweet about deer at sunrise earlier but YOU WERE IN BED, WEREN'T YOU. If deer had Twitter it probably would've gone viral",irony
11890,That's called Indian Politics! Now   backing &amp;  cursing .,irony
11894,when u tryna be good n leave a party early bc u work in the morning n your car battery dies &amp; ur stranded for an hour longer,irony
11895,"I love my job (at night) good Benefits! Awesome pay, but I've been itching to apply at Apple so today I did  lol",irony
11900,Love it my cat jumps on keyboard when she wants attn but looks like yr cat loves the screen,irony
11911,the  never refuses money made from  on principal,irony
11917,The ending with rising music over mushroom clouds - great way to end a film lecturing about death cults,irony
11925,is a good companion when your 2 destination options are your bed or your bathroom.,irony
11929,"In that case, I must have really misjudged  ,   or  ...",irony
